,id,title,author,tracks,likes,reposts,release
0,1,Acid Jazz,1,"1,2",387K,35.8K,6 years ago
1,2,Ambient piano,3,"3,4",149K,"9,611",6 years ago
2,3,As Beautiful As It Sounds,6,"5,6",80.1K,"4,509",7 years ago
3,4,ahmed,9,"7,8",2,0,2 years ago
4,5,Artists to Watch,12,"9,10",34.2K,"2,089",5 years ago
5,6,airaled,15,"11,12",0,0,5 years ago
6,7,Artists To Watch 2019,12,"13,14",30.3K,"1,802",4 years ago
7,8,awais,20,"15,16",5,1,5 years ago
8,9,ahmed,23,"17,18",16,0,6 years ago
9,10,A7med kamel,26,"19,20",2,0,1 year ago
10,11,amr diab,29,"21,22",569,10,4 years ago
11,12,Adel,32,"23,24",38,3,5 years ago
12,13,Airy Ambient for Sleep: Night Sounds,35,"25,26",18.8K,718,3 years ago
13,14,Ana,38,"27,28",9,0,5 years ago
14,15,apex,41,"29,30",16,5,5 years ago
15,16,Amber is my BFF,43,"31,32",6,1,8 years ago
16,17,Autumn Season by Dr.Nadyne,46,"33,34",14.5K,"1,785",7 years ago
17,18,Arijit Singh,48,"35,36",245,16,5 years ago
18,19,anime???,51,"37,38","3,254",214,6 years ago
19,20,Asalaa for ever,54,"39,40",31,1,6 years ago
20,21,Again,57,"41,42",5,0,5 years ago
21,22,Album Assala Nasri - 60 De2e2a Hayah - 2015 _ ÿßŸÑÿ®ŸàŸÖ ÿßÿµÿßŸÑÿ© ŸÜÿµÿ±Ÿâ - 60 ÿØŸÇŸäŸÇÿ© ÿ≠Ÿäÿßÿ© - ŸÜÿ≥ÿÆÿ© ÿßÿµŸÑŸäÿ©,60,"43,44",41K,"8,980",7 years ago
22,23,Amr Diab | ÿπŸÖÿ±Ÿà ÿØŸäÿßÿ®,61,"45,46",44.9K,"1,256",4 years ago
23,24,Arabic,64,"47,48",64,0,4 years ago
24,25,Animus,67,"49,50",4,0,2 years ago
25,26,aulasü•∂,70,"51,52","2,486",83,3 months ago
26,27,A.A,73,"53,54",6,0,6 years ago
27,28,Aidan's Music - part 4,76,"55,56",0,0,1 year ago
28,29,A,78,"57,58",0,0,4 years ago
29,30,AMBIENTE_Madeleine Peyroux,81,"59,60",0,0,1 month ago
30,31,ADDICTED TO THE UNDERGROUND,83,"61,62",17.7K,"2,010",4 years ago
31,32,akks,84,"63,64",2,0,6 years ago
32,33,ahmed kamil,87,"65,66",2,0,1 year ago
33,34,Afternoon Lofi,89,"67,68",16.4K,960,4 years ago
34,35,All Of The Tunege ‚Ññ11,92,"69,70",1,0,1 year ago
35,36,Best Of Chill Nation,94,"71,72",259K,17.1K,5 years ago
36,37,Best Of MrRevillz,94,"73,74",140K,"6,887",5 years ago
37,38,Beach House Session #169 | Tropical & Chill (Follow our channel and access 240+ playlists!),99,"75,76",143K,10.3K,6 years ago
38,39,Best Of Trap Nation,94,"77,78",133K,"5,540",5 years ago
39,40,Breeze,102,"79,80",100K,"5,667",5 years ago
40,41,Best of Chill Trap | Party | Study (2022),105,"81,82",93.5K,"6,216",5 years ago
41,42,Billies Sleep Sounds,108,"83,84",47.3K,"2,631",5 years ago
42,43,Bed Bug Classic #2,111,"85,86",53.5K,"3,765",8 years ago
43,44,Beautiful Sounds,114,"87,88",67.3K,"3,403",7 years ago
44,45,BoxFest Hits,117,"89,90",980,127,23 days ago
45,46,bb2,120,"91,92",4,2,4 years ago
46,47,Best Of Chill City,94,"93,94",29.2K,"1,267",5 years ago
47,48,bdroom jass,125,"95,96",74,15,8 years ago
48,49,BEST SONGS OF 2015,128,"97,98",24.6K,"2,979",7 years ago
49,50,Bobine - Playlist Avril 2017,131,"99,100",15.5K,945,5 years ago
50,51,Bachateame,134,"101,102",4,0,2 years ago
51,52,BTS,137,"103,104","5,405",125,2 years ago
52,53,Best of Rap | Hip Hop | Workout (2022),105,"105,106",26.4K,"1,790",7 years ago
53,54,B,142,"107,108",1,0,4 years ago
54,55,Best of Progressive Tech House,105,"109,110",23K,797,3 years ago
55,56,bbylon,147,"111,112",0,0,2 years ago
56,57,Best,149,"113,114",20,1,3 years ago
57,58,Best Of Trap City,94,"115,116",22.8K,839,5 years ago
58,59,Best of Jazz songs,153,"117,118",25.9K,"2,421",5 years ago
59,60,Best of EDM Party (2022),105,"119,120",25.1K,"1,088",5 years ago
60,61,Best of Gym Rats | Workout (2022),105,"121,122",22.7K,"1,255",5 years ago
61,62,Best Of House Nation,94,"123,124",20.9K,593,5 years ago
62,63,Brian's House with Brian Haner,161,"125,126",191,49,10 years ago
63,64,BodyBuilding/Workout Motivation #4,162,"127,128",21.6K,"1,526",6 years ago
64,65,Bass,165,"129,130",408,24,7 years ago
65,66,baby cheeks,168,"131,132",4,1,6 years ago
66,67,Black Sabbath,171,"133,134",264,15,3 years ago
67,68,Borracheraüç∫,174,"135,136",2,1,2 years ago
68,69,Blood walk,176,"137,138",83,5,4 years ago
69,70,Biffy Clyro,179,"139,140",29,1,5 years ago
70,71,BEST SONGS OF 2014,128,"141,142",18K,"5,259",8 years ago
71,72,BANGERS,182,"143,144",631,27,3 years ago
72,73,beauty inside,185,"145,146",22.3K,949,3 years ago
73,74,Chillax Mood,188,"147,148",188K,11K,8 years ago
74,75,CHILL VIBES,128,"149,150",159K,12.4K,7 years ago
75,76,cosy night autumn,193,"151,152",110K,"6,052",4 years ago
76,77,Chill Out 2018,196,"153,154",83.7K,"5,972",4 years ago
77,78,Complete Spanish,199,"155,156",22.6K,623,8 years ago
78,79,CHILL STUDY VIBES,200,"157,158",92.5K,"6,618",5 years ago
79,80,Chill MIx (High On Chill),203,"159,160",50.9K,"4,510",5 years ago
80,81,Car,206,"161,162",134,6,3 years ago
81,82,CARTIER‚ÄôS LAND üòàüí´,209,"163,164",18.7K,246,6 months ago
82,83,concentrating classic,193,"165,166",44.2K,"1,895",4 years ago
83,84,Country Music: A Film By Ken Burns (The Soundtrack),214,"167,168",388,35,3 years ago
84,85,chilling,217,"169,170",36.4K,"2,086",7 years ago
85,86,College Party Bangers Summer 2018,220,"171,172",33.7K,"2,659",7 years ago
86,87,Chill,102,"173,174",37.8K,"2,234",5 years ago
87,88,car,225,"175,176",54,1,2 years ago
88,89,Candy techno,227,"177,178",669,57,4 years ago
89,90,Complete Biffy Clyro,230,"179,180",10,1,1 year ago
90,91,Christian Seasonal Music Releases Oct 22 2021 Part 6,231,"181,182",40,1,1 year ago
91,92,Complete Biffy Clyro,92,"183,184",4,0,1 year ago
92,93,Chill üí®,234,"185,186",3,0,2 years ago
93,94,Chill Tracks (Winter 2015),237,"187,188",19.4K,"1,883",7 years ago
94,95,canciones piola,240,"189,190",2,0,2 years ago
95,96,Cruising,243,"191,192",17,0,3 years ago
96,97,Chill out,246,"193,194",11.5K,527,3 years ago
97,98,Chillstep / Deephouse,248,"195,196",25.9K,"1,163",6 years ago
98,99,cool songs,251,"197,198",154,6,5 years ago
99,100,Chance the Rapper,254,"199,200",98,12,7 years ago
100,101,Can't Kill Bobby Blakdout,256,"201,202",904,12,7 years ago
101,102,Chilled,257,"203,204",53,2,6 years ago
102,103,chance,259,"205,206",2,1,4 years ago
103,104,Cloud Bar: Music Industry Education,117,"207,208",175,31,2 years ago
104,105,chris,261,"209,210",12,0,6 years ago
105,106,Canciones Nuevas,264,"211,212",57,1,3 years ago
106,107,Cut//Copy,266,"213,214",7,0,2 years ago
107,108,centipede selects,268,"215,216",6,2,7 years ago
108,109,Chill Deep House: Chill Out,271,"217,218",11.9K,409,3 years ago
109,110,Complete Greek,199,"219,220","3,193",78,7 years ago
110,111,Chillllly,274,"221,222",0,0,1 year ago
111,112,diab adem,277,"223,224",1,1,2 years ago
112,113,Dave Holland Prism,278,"225,226",44,10,9 years ago
113,114,directions: light one,281,"227,228",36.3K,"3,221",5 years ago
114,115,DJ PATHWAYS REMIXS AND SONG,283,"229,230",246,12,5 years ago
115,116,Dragon Staff Flow Music,286,"231,232",7,1,2 years ago
116,117,Digging with Joe Kay,117,"233,234","2,512",270,1 year ago
117,118,Drake,290,"235,236",16.8K,"2,349",6 years ago
118,119,dvffdhb,293,"237,238",2,0,6 years ago
119,120,Dawn of Winter 2015,237,"239,240",12.9K,"1,579",7 years ago
120,121,D&D night,296,"241,242",91,2,5 years ago
121,122,Def Jam Presents: Direct Deposit Vol. 1,299,"243,244",10.3K,"3,142",6 years ago
122,123,Damn <3,302,"245,246",3,0,8 years ago
123,124,Diplo's Summer Playlist,305,"247,248",18.4K,"5,175",9 years ago
124,125,ddddf,308,"249,250",1,0,5 years ago
125,126,DJThat'sWhat'sUp,311,"251,252",11.6K,"4,006",8 years ago
126,127,dah real god,313,"253,254",2,0,7 years ago
127,128,Dominican_Swagg,316,"255,256",37,5,9 years ago
128,129,DJ Eis-B√§r - part 2,318,"257,258",0,0,3 months ago
129,130,DJ Eis-B√§r - part 2,318,"259,260",0,0,8 months ago
130,131,DJ Eis-B√§r - part 2,318,"261,262",0,0,1 year ago
131,132,Destinyplalist,320,"263,264",4,0,7 years ago
132,133,dre 16,323,"265,266",0,0,10 months ago
133,134,Drum & Bass ?,326,"267,268",336,15,7 years ago
134,135,DJ EZ - BBC Radio 1 Residency Shows,328,"269,270",185,14,1 year ago
135,136,Dosis diaria,329,"271,272",54,0,1 year ago
136,137,Dubstep,331,"273,274",20.4K,551,5 years ago
137,138,dannyüòòüòò,333,"275,276",4,0,5 years ago
138,139,Deep House,336,"277,278","3,903",239,5 years ago
139,140,dodoooo,338,"279,280",2,0,7 years ago
140,141,didi,341,"281,282",0,0,3 years ago
141,142,dae dae???,344,"283,284",36,3,6 years ago
142,143,dj,346,"285,286",171,1,2 years ago
143,144,ùòøùôçùôÑùôáùôá ùôàùôêùôéùôÑùòæ,347,"287,288",31,0,1 month ago
144,145,Dubstep,349,"289,290","1,795",207,9 years ago
145,146,ùòøùòºùôâùòæùôÄùôÉùòºùôáùôá 2022 ùôàùôÑùôì,347,"291,292",3,0,26 days ago
146,147,ùòøùòºùôâùòæùôÄùôÉùòºùôáùôá 2022,347,"293,294",2,0,26 days ago
147,148,ùòøùòºùôâùòæùôÄùôÉùòºùôáùôá ùôàùôÑùôì 2022 ùôçùòºùôí,347,"295,296",11,1,26 days ago
148,149,ùòøùôÄùôãùôçùôÄùôéùôéùôÑùôâùôÇ ùôéùôäùôâùôÇùôé,347,"297,298",22,2,26 days ago
149,150,ùòøùôÄùôãùôçùôÄùôéùôéùôÑùôâùôÇ ùôàùôêùôéùôÑùòæ,347,"299,300",37,3,26 days ago
150,151,Danger Mouse - The Grey Album,353,"301,302","5,255",198,5 years ago
151,152,Da bangers,355,"303,304",105,8,6 years ago
152,153,DOCUMENTARY üìΩÔ∏è,358,"305,306",77,6,7 years ago
153,154,Drum and Bass,360,"307,308","7,819",406,7 years ago
154,155,David Guetta,363,"309,310",123,7,1 year ago
155,156,Daz,364,"311,312",12,3,8 years ago
156,157,DJ Eis-B√§r - part 2,318,"313,314",1,0,6 months ago
157,158,Dry,367,"315,316",3,1,2 years ago
158,159,Detroit‚ò†,370,"317,318",140,5,4 years ago
159,160,EDM remixes of popular songs,373,"319,320",44.5K,"1,048",8 years ago
160,161,English,376,"321,322",157,3,5 years ago
161,162,escape everything,378,"323,324",33.9K,"2,631",5 years ago
162,163,El alfa,379,"325,326","2,463",79,4 years ago
163,164,EDM Crossovers: Electrify,382,"327,328",29.1K,"1,260",3 years ago
164,165,Ejmi.Namirik,384,"329,330",1,0,5 years ago
165,166,Essential Sounds: Black Coffee,117,"331,332","1,035",138,7 months ago
166,167,Essential Sounds: Peggy Gou,117,"333,334",806,76,7 months ago
167,168,Essential Sounds: SOHMI,117,"335,336",807,154,7 months ago
168,169,Essential Sounds: The Martinez Brothers,117,"337,338",615,71,7 months ago
169,170,EMPTY THE BIN VOL.3 (UNRELEASED 2020-2022),394,"339,340",18.8K,815,7 months ago
170,171,EDM xXx,395,"341,342","1,009",129,6 years ago
171,172,Edm,398,"343,344","2,521",226,6 years ago
172,173,"EFC: Volume 12, 2017",400,"345,346",20.9K,"1,277",5 years ago
173,174,english,403,"347,348",11,0,3 years ago
174,175,"EFC: Volume 20, 2017",400,"349,350",19.3K,"1,155",5 years ago
175,176,Every XXXTentacion song,407,"351,352",20.5K,"3,344",5 years ago
176,177,Emotive 10 (chilled),410,"353,354",18.4K,943,5 years ago
177,178,"EFC: Volume 21, 2017",400,"355,356",15.3K,896,5 years ago
178,179,Easy Sundays,6,"357,358",13.2K,558,6 years ago
179,180,EMO EVERYTHINGGG - part 3,417,"359,360",6,0,2 years ago
180,181,EmpowHER,419,"361,362","4,758",161,1 year ago
181,182,EMO EVERYTHINGGG - part 2,417,"363,364",3,0,2 years ago
182,183,Esp√≠rito santo,423,"365,366",9,5,4 years ago
183,184,Egotistical,426,"367,368",26,1,3 years ago
184,185,EDM Workout: Jump Up,382,"369,370","8,705",289,2 years ago
185,186,edwin,429,"371,372",0,1,3 years ago
186,187,Eat. Sleep. Rave. REPEAT!,432,"373,374","1,083",98,6 years ago
187,188,evev,434,"375,376",0,0,1 year ago
188,189,eminem,437,"377,378",10.1K,"2,399",9 years ago
189,190,Ernestine Cromwell,440,"379,380",1,0,7 years ago
190,191,EMPTY THE BIN VOL.2 (UNRELEASED 2019-2020),394,"381,382","8,516",328,1 year ago
191,192,Eat.Sleep.Deep.Repeat.,443,"383,384",14K,"3,540",7 years ago
192,193,ùôÄùòøùôà ùôàùôÑùôì 2022,347,"385,386",19,1,26 days ago
193,194,EST,446,"387,388",0,0,2 years ago
194,195,EDM Gems,94,"389,390",11.7K,743,5 years ago
195,196,ELL G,450,"391,392",1,0,5 years ago
196,197,English songs,452,"393,394",15.8K,"1,555",1 year ago
197,198,Emo,455,"395,396",265,10,3 years ago
198,199,Electronic Party,458,"397,398",187,24,7 years ago
199,200,E5,461,"399,400",11,1,3 years ago
200,201,EngLiishh Mood ‚ô´,464,"401,402","7,258","2,116",7 years ago
201,202,First On SoundCloud,467,"403,404",63.8K,"6,046",4 years ago
202,203,FUAAAAARK,470,"405,406",10.1K,228,1 year ago
203,204,First on SoundCloud Clubhouse Sessions,117,"407,408","7,069",289,1 year ago
204,205,Feduk,473,"409,410",212,14,4 years ago
205,206,favoritos,476,"411,412",4,1,9 years ago
206,207,Favs,478,"413,414",1,0,6 years ago
207,208,Fresh Pressed Interviews,117,"415,416",207,45,2 years ago
208,209,For studying / mainly lofi-hiphop & ambient + alpha,481,"417,418",27.2K,"2,556",5 years ago
209,210,Favorites,102,"419,420",31.1K,"1,223",5 years ago
210,211,Firouz Morning Coffee - ŸÇŸáŸàÿ© ŸÅŸäÿ±Ÿàÿ≤ ÿßŸÑÿµÿ®ÿßÿ≠Ÿäÿ©,486,"421,422",40.6K,10.9K,9 years ago
211,212,For Those Scottish Times,488,"423,424",19,0,4 years ago
212,213,FlyLo,490,"425,426",7,0,1 year ago
213,214,Frightened Rabbit,488,"427,428",35,3,5 years ago
214,215,fff,492,"429,430",34,7,6 years ago
215,216,Flyinglotus,495,"431,432",31,3,2 years ago
216,217,Fast Track,117,"433,434",255,61,2 years ago
217,218,fire üî•,498,"435,436",30,1,4 years ago
218,219,Fresh Summer,501,"437,438",15.4K,"1,477",5 years ago
219,220,funk,504,"439,440","1,651",76,4 years ago
220,221,Free Samples and Sounds,506,"441,442",21,0,6 years ago
221,222,favt,509,"443,444",11,0,4 years ago
222,223,fawad,512,"445,446",16,0,7 years ago
223,224,funk zika,515,"447,448",914,101,5 years ago
224,225,feelings??,518,"449,450","2,280",218,6 years ago
225,226,Fiesta,520,"451,452",12,0,2 years ago
226,227,FlyLo Gaiden,523,"453,454",0,0,5 months ago
227,228,funk,524,"455,456",19,0,2 years ago
228,229,FUNK PUTARIA,527,"457,458","2,782",190,3 years ago
229,230,Feeett,530,"459,460",3,0,6 years ago
230,231,from 'The Legend of Korra',533,"461,462","7,356","1,078",9 years ago
231,232,Featured Tracks on The Artist Union,534,"463,464",229,32,6 years ago
232,233,favoritas,537,"465,466",1,1,6 years ago
233,234,GYMMITTIM,540,"467,468",38.2K,645,6 months ago
234,235,gg,543,"469,470",48,6,5 years ago
235,236,GLITCHED LOVE,545,"471,472",39.9K,"2,532",5 years ago
236,237,GET YO SPRING ON,548,"473,474",32.4K,"1,873",5 years ago
237,238,Getting ready,551,"475,476",148,12,7 years ago
238,239,God is good!,554,"477,478",95,9,5 years ago
239,240,green day,557,"479,480",81,3,1 year ago
240,241,Gym Hypes,559,"481,482",949,67,6 years ago
241,242,George Lopez: Tell Me Your Story,562,"483,484",85,20,10 years ago
242,243,gtm,563,"485,486",1,0,5 years ago
243,244,gottlose tiktok remix,566,"487,488","5,642",40,1 year ago
244,245,geile musik,569,"489,490",12,2,6 years ago
245,246,guring,572,"491,492",0,0,6 years ago
246,247,Greek Week,575,"493,494",12.3K,705,5 years ago
247,248,Golden Record: Greetings to the Universe,577,"495,496","4,933",648,7 years ago
248,249,gougo,578,"497,498",0,0,7 years ago
249,250,Golden Record: Sounds of Earth,577,"499,500","5,452",699,7 years ago
250,251,Good Morning Malibu,581,"501,502",159,14,6 years ago
251,252,Great Britain & Ireland playlist: 100% Transatlantic.,584,"503,504",16,6,8 years ago
252,253,Goal Commentary Clips,587,505,367,77,9 years ago
253,254,grrra,588,"506,507",1,1,4 years ago
254,255,Goa,591,"508,509","2,487",143,6 years ago
255,256,Good tunes,594,"510,511",18,2,5 years ago
256,257,gym2,597,"512,513",8,1,2 years ago
257,258,green day_part2,557,"514,515",2,1,1 year ago
258,259,grEY,600,"516,517",0,0,5 years ago
259,260,Gustavo,601,"518,519",7,1,7 years ago
260,261,Gaming,602,"520,521","4,638","1,151",7 years ago
261,262,Gaming mix,605,"522,523","4,301","1,151",7 years ago
262,263,Gym Hip-Hop: Iron Will,607,"524,525",11.3K,379,3 years ago
263,264,ganagnag,610,"526,527",3,0,7 years ago
264,265,Genshin Impact,611,"528,529",141,2,1 month ago
265,266,Gospel music praise and worship,614,"530,531","6,073",280,5 years ago
266,267,good,617,"532,533",12,2,6 years ago
267,268,good night,618,"534,535","9,479",367,6 years ago
268,269,Hip Hop Supreme,621,"536,537",178K,"9,767",5 years ago
269,270,HEMPSEY AND FRIENDS,623,"538,539",55.2K,"4,358",7 years ago
270,271,hŒ±‚Ä†Œµ √Ø≈° dŒµŒ±d MixTAPE,624,"540,541",40.2K,"1,751",11 months ago
271,272,Honey Mustard,625,"542,543",23.4K,"1,834",6 years ago
272,273,Have You Met Molly (7 HOUR PARTY MIX),627,"544,545",35.5K,"2,358",4 years ago
273,274,Hip-hop music,629,"546,547","2,138",160,7 years ago
274,275,hit list,632,"548,549",19,1,6 years ago
275,276,Homies,635,"550,551",4,0,2 years ago
276,277,hamaki,637,"552,553",177,7,6 years ago
277,278,head expolsion,640,"554,555",0,0,3 years ago
278,279,Hunters music,642,"556,557",1,0,6 years ago
279,280,Horizon,643,"558,559",17.3K,"1,550",5 years ago
280,281,Ho√†i Th∆∞∆°ng,644,"560,561",2,0,2 years ago
281,282,Hot beats,647,"562,563",440,35,7 years ago
282,283,HOT Electronic Tracks 2015,650,"564,565",15.4K,"1,458",7 years ago
283,284,Hi,652,"566,567",82,2,7 years ago
284,285,Hip-Hop for Hoops: Ballers,607,"568,569",18.8K,"1,111",3 years ago
285,286,hold this,657,"570,571",23.5K,"1,864",5 years ago
286,287,high,660,"572,573",67,3,7 years ago
287,288,House Upbeat,662,"574,575",2,0,1 month ago
288,289,hola,665,"576,577",7,1,5 years ago
289,290,Hiphop & so,668,"578,579",222,23,8 years ago
290,291,h,671,"580,581",0,0,4 years ago
291,292,hana,674,"582,583",4,0,2 years ago
292,293,House Party,128,"584,585",13.4K,"3,477",8 years ago
293,294,hindi,679,"586,587",200,15,6 years ago
294,295,Heba,682,"588,589",2,0,4 years ago
295,296,HUNT the TRUTH,685,"590,591","4,941",657,7 years ago
296,297,Hyde Park Civilizace,686,"592,593","1,944",69,4 years ago
297,298,hoco,687,"594,595","9,209",918,7 years ago
298,299,HU$$LER,690,"596,597",3,1,2 years ago
299,300,Happy tunes - Part 1,693,"598,599",0,0,2 years ago
300,301,Hokage Workout mix,695,"600,601","4,324",72,1 year ago
301,302,Hardcore hardstyle,698,"602,603",820,66,7 years ago
302,303,Hip hop,701,"604,605",672,34,4 years ago
303,304,Hip-Hop Love Songs: Love Rap,607,"606,607",14.6K,367,2 years ago
304,305,Heavier phase days,704,"608,609",0,0,3 years ago
305,306,How Deep Is Your Love,706,"610,611","6,830",859,7 years ago
306,307,HARDCORE WORKOUT #1,709,"612,613",10.5K,482,7 years ago
307,308,higher sounds,268,"614,615",1,0,7 years ago
308,309,Hardstyle,713,"616,617","5,992",91,7 months ago
309,310,Hip Hop,715,"618,619",122,9,2 years ago
310,311,heat,718,"620,621",76,8,3 years ago
311,312,Instrumental - Patterns,3,"622,623",85.4K,"5,560",6 years ago
312,313,In the Mix,722,"624,625",28.9K,"1,997",5 years ago
313,314,Information Age,725,"626,627",27.7K,13.2K,2 years ago
314,315,Iced Coffee,102,"628,629",56.1K,"3,391",5 years ago
315,316,Idk a boogie pnb,728,"630,631",88,6,6 years ago
316,317,Indonesian song,731,"632,633",51,2,5 years ago
317,318,Instrumental 7 - Flow,3,"634,635",40.6K,"2,395",6 years ago
318,319,iTunes,736,"636,637",11,3,7 years ago
319,320,Instrumental 6 - Swirling,3,"638,639",17.5K,"1,045",6 years ago
320,321,International Songs,741,"640,641",18,2,3 years ago
321,322,Introduction to French,199,"642,643","4,239",112,5 years ago
322,323,ingy,743,"644,645",1,0,5 years ago
323,324,iTunes,746,"646,647",0,0,10 months ago
324,325,Indo,748,"648,649",13,0,5 years ago
325,326,Indonesia,751,"650,651",73,5,5 years ago
326,327,In My Head new Juice WRLD,754,"652,653","8,120","1,666",1 year ago
327,328,Indie Classics - Fall 2015,650,"654,655","7,898",939,7 years ago
328,329,IggyBoy OST (Remix),757,"656,657",1,0,5 months ago
329,330,Indie Pop - Fall 2015,758,"658,659","8,391","1,151",7 years ago
330,331,i mean it,760,660,25,2,2 years ago
331,332,It's a trap!,762,"661,662","1,611",155,6 years ago
332,333,Introduction to Italian,199,"663,664","2,273",55,6 years ago
333,334,Is iT SUMMER Yet? ~ Silent Zen ~ Grand Opening ~ Kicking The Winds,763,"665,666","5,472","1,309",6 years ago
334,335,Idfk lol,766,"667,668",2,0,2 years ago
335,336,Imagine Dragons - Smoke & Mirrors ( Album),769,"669,670","7,812","1,554",7 years ago
336,337,irwin,770,"671,672",0,0,7 years ago
337,338,It's Good!,773,"673,674",4,3,8 years ago
338,339,I Turn To YOU!!!,775,"675,676","4,466",811,6 years ago
339,340,Indie Please ! Best of New Summer songs August 2015 !,778,"677,678","4,389",578,7 years ago
340,341,Indian Songs,781,"679,680","3,228",225,7 years ago
341,342,Introduction to Arabic,199,"681,682","1,738",52,8 years ago
342,343,Indie/Folk/Singer-SongWriter/Acoustic,784,"683,684","4,088",557,9 years ago
343,344,ikson,786,"685,686",5,1,1 year ago
344,345,In The Mist Of Classical /www.facebook.com/musiciselation,788,"687,688","5,644","1,077",6 years ago
345,346,Indie,790,"689,690","2,238",149,7 years ago
346,347,ITacHiii,792,"691,692",1,0,1 year ago
347,348,i‚Äôm soft and i have a cat marry me pls,794,"693,694",6,0,6 months ago
348,349,INFINITE MILES,797,"695,696","4,921","2,612",3 years ago
349,350,idi,799,697,0,0,7 years ago
350,351,I like what you GOOOOOOOT,801,"698,699",0,0,5 years ago
351,352,ilikeyew,804,"700,701",4,0,3 years ago
352,353,jazzhip 7,185,"702,703",161K,"9,261",3 years ago
353,354,Jazz hip 4,185,"704,705",169K,"7,729",4 years ago
354,355,Jazz hip,185,"706,707",135K,"6,377",5 years ago
355,356,JAZZ,812,"708,709",10.5K,785,9 years ago
356,357,JAZZ MUSIC,815,"710,711","3,275",252,9 years ago
357,358,Jazz hip 6,185,"712,713",57.5K,"2,900",4 years ago
358,359,Juice WRLD's Definitive Tracks,607,"714,715",95.4K,"6,789",3 years ago
359,360,jazzy night 2,820,"716,717",46.8K,"1,916",3 years ago
360,361,jazzy night,820,"718,719",39.1K,"1,921",3 years ago
361,362,Jews,825,"720,721",18,2,6 years ago
362,363,jazz2,828,"722,723",551,80,9 years ago
363,364,Jojo,830,"724,725",5,0,2 years ago
364,365,jazz beat ver 1.0,833,"726,727","2,798",187,5 years ago
365,366,Jazz,835,"728,729","1,762",151,9 years ago
366,367,Jazz,837,"730,731","1,557",131,9 years ago
367,368,jimin,838,"732,733",17.2K,540,3 years ago
368,369,J Cole - Friday Night Lights Mixtape (newjcole.com),840,"734,735",36.2K,"4,471",11 years ago
369,370,jose,841,"736,737",6,0,4 years ago
370,371,Justin Timberlake,844,"738,739",332,28,4 years ago
371,372,Juice WRLD,846,"740,741",26.9K,930,2 years ago
372,373,Jams,849,"742,743","6,594",165,2 years ago
373,374,juju,852,"744,745",8,2,8 years ago
374,375,Jazz hip3,185,"746,747",16.5K,753,4 years ago
375,376,Jah Reggae music!!,855,"748,749",626,46,7 years ago
376,377,Jorge e Mateus,858,"750,751",946,111,6 years ago
377,378,jazz/blues,861,"752,753",890,28,2 years ago
378,379,JOOHONEY MIXTAPE [PSYCHE],864,"754,755","6,382",708,2 years ago
379,380,j,865,"756,757",0,0,3 years ago
380,381,Jeannine music,868,"758,759",5,0,7 years ago
381,382,jojo,871,"760,761",20,3,6 years ago
382,383,jack1321,873,"762,763",1,0,6 years ago
383,384,joey badass -1999,875,"764,765",21.9K,"1,573",8 years ago
384,385,ùôÖùòºùôïùôï ùôàùôêùôéùôÑùòæ,347,"766,767",15,2,26 days ago
385,386,jshshdh,877,"768,769",4,0,5 years ago
386,387,Jorge e Mateus,878,"770,771",336,28,6 years ago
387,388,June2016+ Goods,881,"772,773",4,1,6 years ago
388,389,jeny,884,"774,775",0,0,2 years ago
389,390,joel,886,"776,777",1,0,2 years ago
390,391,Jamz,888,778,5,2,6 years ago
391,392,Khiloo,890,"779,780",4,0,5 years ago
392,393,"K-Pop Top 100 (July 5, 2017)",893,"781,782",15.1K,"2,704",9 years ago
393,394,KTO Sounds,117,"783,784","2,436",344,4 months ago
394,395,K,898,"785,786",5,0,3 years ago
395,396,Kendrick Lamar - Mr. Morale & The Big Steppers (album + playlist),899,"787,788",17K,"1,078",7 years ago
396,397,KL,902,"789,790",9,2,7 years ago
397,398,kodhit,904,"791,792","3,199",852,9 years ago
398,399,kirediuqil,907,"793,794",32,2,5 years ago
399,400,kayla,909,"795,796",4,0,5 years ago
400,401,Kpop,911,"797,798","1,523",45,2 years ago
401,402,Kompa,912,"799,800",183,9,4 years ago
402,403,Kehlani Top Tracks,467,"801,802",11K,545,4 years ago
403,404,Krupify - part 13,915,"803,804",2,1,2 years ago
404,405,Kenny,916,"805,806",6,2,3 years ago
405,406,K-POP,919,"807,808",296,14,3 years ago
406,407,kpop,922,809,"2,556",233,6 years ago
407,408,kareem mo7sn,924,"810,811",2,0,6 years ago
408,409,Kpop Playlist,927,"812,813","6,162",229,3 years ago
409,410,KPOP A-M,930,814,"5,499","1,144",9 years ago
410,411,Kate's Playlist,932,"815,816",6,2,7 years ago
411,412,karma,934,"817,818",0,0,2 years ago
412,413,Kris,937,"819,820",2,0,7 years ago
413,414,Kalyar Swe,940,"821,822",3,1,6 years ago
414,415,Krupify - part 19,915,"823,824",0,0,2 years ago
415,416,Krupify - part 20,915,"825,826",0,0,2 years ago
416,417,KingSr3,945,"827,828",1,0,7 years ago
417,418,King crule_part3,557,"829,830",0,0,1 year ago
418,419,Krupify - part 18,915,"831,832",0,0,2 years ago
419,420,Kodak,951,"833,834","9,914",214,2 years ago
420,421,Kpop,953,"835,836","1,191",93,7 years ago
421,422,Kygo & House,956,"837,838","4,499",792,9 years ago
422,423,kemo,958,839,0,0,8 years ago
423,424,K-Pop songs üíú,960,"840,841",10,0,3 years ago
424,425,Kanye's Soul Mix Show mixed by A-Trak,963,"842,843","3,338",507,11 years ago
425,426,khizar,964,"844,845",0,0,5 years ago
426,427,keren,967,"846,847",1,0,4 years ago
427,428,Knnovation Tracks_01,969,"848,849","5,105",723,5 years ago
428,429,kqngyyy,970,"850,851","2,662",64,9 months ago
429,430,Khalifa khlassics,973,"852,853",5,0,6 years ago
430,431,lofi 4 studying,976,"854,855",210K,"8,332",5 years ago
431,432,Lowfi hip hop chills,979,"856,857",203K,20.6K,5 years ago
432,433,Love Hurts,467,"858,859",119K,"6,187",3 years ago
433,434,LIL PEEP,983,"860,861",101K,11.8K,5 years ago
434,435,Late Night Drive,1,"862,863",75K,"5,122",8 years ago
435,436,Late Night Lofi,94,"864,865",48.5K,"2,372",5 years ago
436,437,Lijah shiii,987,"866,867",1,1,4 years ago
437,438,Lounge / Chill / Deep #1,989,"868,869",37.5K,"2,981",1 year ago
438,439,Link & Build,117,"870,871","2,174",350,2 years ago
439,440,Lo-Fi Vietnam Chill,994,"872,873",31.7K,"1,217",3 years ago
440,441,Life After Death Star,997,"874,875",23.4K,"4,611",7 years ago
441,442,ƒΩ√≥ƒæ√≥,998,"876,877",5,0,5 years ago
442,443,Liam‚Äôs playlist,1001,"878,879",7,0,4 years ago
443,444,Linkin Park,1003,"880,881","5,359",476,6 years ago
444,445,listen,1005,"882,883",22.1K,865,6 years ago
445,446,lofi ‚ó°Ãà,1007,"884,885",30.1K,"2,991",5 years ago
446,447,Lil Peep‚Äôs Definitive Tracks,467,"886,887",28.4K,"2,179",4 years ago
447,448,Lo-Fi HipHop - Perfect for studying and chilling - part i,1009,"888,889",30.3K,"2,538",5 years ago
448,449,Los Campesinos!,251,890,11,0,5 years ago
449,450,Lit with my Christmas Trees.,128,"891,892",16.5K,"2,128",7 years ago
450,451,LITTLE BIT OF DIS & DAT,1013,"893,894",17,1,5 years ago
451,452,latin/caribbean,1015,"895,896",4,0,2 years ago
452,453,Latino gang,1018,"897,898",19,0,2 years ago
453,454,liyah,1021,"899,900",2,0,4 years ago
454,455,lion,1022,"901,902",0,0,8 years ago
455,456,Lord of the Rings Full Episodes for Radio,1025,"903,904","2,943",141,9 years ago
456,457,lite,1027,"905,906",0,0,2 years ago
457,458,lojaa,1029,"907,908",0,0,2 years ago
458,459,love,1032,"909,910",485,34,7 years ago
459,460,lil richoe,1034,"911,912",3,0,6 years ago
460,461,musicas relaxantes,1035,"913,914",215K,15.1K,7 years ago
461,462,Midnight Lofi,89,"915,916",329K,23.8K,4 years ago
462,463,Morning Chillout,1039,"917,918",161K,"7,702",2 years ago
463,464,meditation,1042,"919,920",154K,"9,194",5 years ago
464,465,Music,1044,"921,922",18,3,8 years ago
465,466,Motivational Rap,1047,"923,924",71.7K,"3,385",8 years ago
466,467,Motivated Music - May 2016,1050,"925,926",48.7K,"2,840",6 years ago
467,468,my music,1053,"927,928",23,2,6 years ago
468,469,Morning,102,"929,930",53.7K,"2,850",5 years ago
469,470,"Members Only, Vol.2",1056,"931,932",72.4K,"5,704",7 years ago
470,471,mexican rap,1057,"933,934",242,12,3 years ago
471,472,Musculation / Workout Song Motivation #1,162,"935,936",40.5K,"2,002",7 years ago
472,473,MazMeeZ,1061,"937,938",0,0,4 years ago
473,474,monir,1064,"939,940",15,1,4 years ago
474,475,Mido,1067,"941,942",2,0,4 years ago
475,476,Mido,1067,"943,944",2,0,4 years ago
476,477,Major,1070,"945,946",14,0,9 years ago
477,478,Moataz mohamed,1073,947,1,0,6 years ago
478,479,mikedeleon0882@gmail,1075,"948,949",0,0,4 years ago
479,480,Music bitch,1077,"950,951",17,1,5 years ago
480,481,Music For Concentration,1080,"952,953",25.6K,"1,586",6 years ago
481,482,Morning Lofi,89,"954,955",33.1K,"2,031",4 years ago
482,483,Music,1085,"956,957",8,3,6 years ago
483,484,mena,1087,"958,959",12,1,6 years ago
484,485,my shit,1090,"960,961",33,2,7 years ago
485,486,Minang Favourite,48,"962,963",212,14,5 years ago
486,487,My radio,1093,"964,965",3,0,4 years ago
487,488,my songs,1096,"966,967",19,5,6 years ago
488,489,music,1099,"968,969",3,0,2 years ago
489,490,Mis Audios,1102,"970,971",3,0,2 years ago
490,491,Mine.,1105,"972,973",2,0,2 years ago
491,492,my music,1107,"974,975",3,0,3 years ago
492,493,music,1110,"976,977",4,0,3 years ago
493,494,music 2,1113,"978,979",1,0,3 years ago
494,495,Main,1116,"980,981",6,1,8 years ago
495,496,MIAMI 2019 TOP TRACKS,1119,"982,983",14.7K,"3,222",6 years ago
496,497,MK-Quran,1120,"984,985",8,0,7 years ago
497,498,My Songs,1123,"986,987",60,5,8 years ago
498,499,m√ºller,1126,"988,989",1,0,4 years ago
499,500,mero,1129,"990,991",685,41,3 years ago
500,501,Never Chill Before,1132,"992,993",283K,21.7K,6 years ago
501,502,new,1135,"994,995",10,0,4 years ago
502,503,new beginnings,1138,"996,997",56.7K,"3,778",5 years ago
503,504,Nova playlist privada,1141,"998,999",56,8,5 years ago
504,505,New private playlist,1142,"1000,1001",78,5,5 years ago
505,506,nabeel,1145,"1002,1003",4,0,4 years ago
506,507,new,1148,1004,3,0,5 years ago
507,508,nightcore,1150,"1005,1006",416,11,4 years ago
508,509,nuevas,1153,"1007,1008",4,1,5 years ago
509,510,New Hits XrisLusive,647,"1009,1010",119,12,6 years ago
510,511,Next Wav Sessions,117,"1011,1012","3,388",295,1 year ago
511,512,niah,1158,"1013,1014",1,0,7 years ago
512,513,Nipsey Hussle's Definitive Tracks: Rest In Power,607,"1015,1016",35.2K,"2,328",3 years ago
513,514,Nils Frahm,1162,"1017,1018",5,1,2 months ago
514,515,No Phun Intended,1164,"1019,1020",15K,"2,379",7 years ago
515,516,nightcoreüå†,1165,"1021,1022",1,0,4 years ago
516,517,New private playlist,1167,"1023,1024",19,3,4 years ago
517,518,No Man Curse: Jimmy October,117,"1025,1026",982,135,6 months ago
518,519,No Man Curse: Noise Cans,117,"1027,1028",624,68,6 months ago
519,520,No Man Curse: Tessellated,117,"1029,1030",846,154,6 months ago
520,521,Nightcore,1175,"1031,1032","6,174",623,6 years ago
521,522,NEW,1178,"1033,1034",14,1,3 years ago
522,523,New private playlist,1180,"1035,1036",51,5,6 years ago
523,524,New private playlist,1183,"1037,1038",20,2,6 years ago
524,525,New playlist,1186,"1039,1040",26,3,7 years ago
525,526,New,1189,"1041,1042",4,0,2 years ago
526,527,NASA,1192,"1043,1044","4,064",826,7 years ago
527,528,nenrrrrrr,1193,"1045,1046",0,0,5 years ago
528,529,New private playlist,1194,1047,5,1,5 years ago
529,530,New,1196,"1048,1049",3,0,5 years ago
530,531,NFL Play Football,1199,"1050,1051",15.3K,"6,453",6 years ago
531,532,New trap,1201,"1052,1053",417,40,6 years ago
532,533,nouvelle sc√®ne fran√ßaise,557,"1054,1055",1,0,1 year ago
533,534,new x2,1204,"1056,1057",0,0,6 years ago
534,535,Nightcore,1206,"1058,1059",16,3,4 months ago
535,536,New & hot: All music genres,1209,"1060,1061",18,1,2 years ago
536,537,New private playlist,1212,"1062,1063",3,0,3 years ago
537,538,Nadeen's A Songs,1215,"1064,1065",4,0,4 years ago
538,539,Osts,1218,"1066,1067",27,1,3 years ago
539,540,Oct. Lo-fi,1221,"1068,1069",38.7K,"1,079",2 years ago
540,541,Outros Ibai,1224,"1070,1071","6,926",538,2 years ago
541,542,Oldies,1227,"1072,1073",295,23,5 years ago
542,543,OG‚ÄôS only,1229,"1074,1075",2,0,3 years ago
543,544,OP Gaming Vol. 1,1231,"1076,1077","6,295","1,720",5 years ago
544,545,opeRa ...:$$,1234,"1078,1079",748,94,9 years ago
545,546,On Being,1237,"1080,1081","1,160",82,6 years ago
546,547,Osman,1238,"1082,1083",4,0,5 years ago
547,548,Only the Chillest of the Chill [Best Lofi/Lofi Hip-Hop/Jazzhop/Vaporwave] Pt. 1 (TY for 11K!),1241,"1084,1085",11.3K,"1,295",6 years ago
548,549,Other,1243,"1086,1087",4,0,6 years ago
549,550,one direction infection,1245,"1088,1089",4,0,6 months ago
550,551,OMG,1248,"1090,1091",4,0,6 years ago
551,552,Old is gold.,1251,"1092,1093",287,19,5 years ago
552,553,Online Voting ICID - BNI London Jingle Competition,1254,"1094,1095",9,2,9 years ago
553,554,o,1255,"1096,1097",0,0,3 years ago
554,555,omnia ü§∏‚ù§Ô∏è,1256,"1098,1099",3,0,1 year ago
555,556,Oud,1258,"1100,1101",608,36,6 years ago
556,557,Old But Gold - Bollywood Old Songs,1261,"1102,1103","5,780",439,7 years ago
557,558,Om Kalthom ÿßŸÑÿ≥ÿ™ - ÿ£ŸÖ ŸÉŸÑÿ´ŸàŸÖ -,1264,"1104,1105","8,005","1,455",9 years ago
558,559,Omerta gang,1267,"1106,1107",8,1,6 years ago
559,560,og,1270,"1108,1109",1,0,6 years ago
560,561,osama,1272,"1110,1111",6,1,6 years ago
561,562,Olly,1275,"1112,1113",0,0,4 years ago
562,563,One Direction and Solo Songs (Full Playlist),1278,"1114,1115",202,9,2 years ago
563,564,OOO MY BB,1280,"1116,1117",1,0,6 years ago
564,565,OWSLA Releasess - Part 1,1283,"1118,1119",0,0,2 years ago
565,566,Old but Gold,1285,1120,"5,877","1,870",8 years ago
566,567,OL$ON PLAYLI$T,1286,"1121,1122",44,4,6 years ago
567,568,OWSLA Releases,1289,"1123,1124",2,0,3 years ago
568,569,Older remixes,1291,"1125,1126",6,2,6 years ago
569,570,omar,1294,"1127,1128",0,0,2 months ago
570,571,offffg,1297,"1129,1130",0,0,8 years ago
571,572,outkast,1300,"1131,1132",39,1,1 year ago
572,573,old nice songs,1302,"1133,1134",116,17,7 years ago
573,574,omnia mehrze,1305,"1135,1136",3,0,6 years ago
574,575,oils of every pearl's un insides - part 3,1308,"1137,1138",0,0,1 month ago
575,576,omar music,1311,"1139,1140",1,0,7 years ago
576,577,OWSLA,363,"1141,1142",4,0,1 year ago
577,578,Oscar,1314,"1143,1144",1,0,6 years ago
578,579,OWSLA Releases - part 2,1317,"1145,1146",0,0,1 year ago
579,580,one,1319,"1147,1148",1,0,8 years ago
580,581,OWSLA Releases - part 2,1322,"1149,1150",0,0,1 year ago
581,582,Piano Deep Concentration,1323,"1151,1152",161K,"8,500",6 years ago
582,583,pre work out 2017,1326,"1153,1154",132K,"7,067",5 years ago
583,584,Party 2018,1328,"1155,1156",65.2K,"4,028",4 years ago
584,585,Playlist 001 (Hard beats) - Gold's Gym Egypt,1331,"1157,1158",100K,"4,600",7 years ago
585,586,Party,1334,"1159,1160",38.1K,"3,006",6 years ago
586,587,PLAYBACK 2018,12,"1161,1162",39.4K,"2,768",4 years ago
587,588,PumpTheBeat.com Presents: Weekend Workout Vol. 4,1336,"1163,1164",32.5K,"2,738",8 years ago
588,589,Playlist,1338,"1165,1166",278,34,8 years ago
589,590,Playlist,1339,"1167,1168",308,51,8 years ago
590,591,playlist247962805 - part 2,1342,"1169,1170",4,0,2 years ago
591,592,PnB Rock's Definitive Tracks,117,"1171,1172","5,221",383,2 months ago
592,593,"Paino & Orchestra (George Winston, Taliesin Orchestra,) [Piano]",1346,"1173,1174",122,9,2 years ago
593,594,pagode,1348,"1175,1176","1,177",34,2 years ago
594,595,Pop smoke & Jay Anonymous,1351,"1177,1178",88,4,2 years ago
595,596,PYROHYDRO Mixtape,1353,"1179,1180",5,2,3 years ago
596,597,partayyyyy :),1354,"1181,1182",19.6K,"1,478",5 years ago
597,598,Pumped Polak V1,1356,"1183,1184","6,731",152,9 months ago
598,599,Pre game,1359,"1185,1186",17,2,7 years ago
599,600,Party,1361,"1187,1188",175,15,5 years ago
600,601,PumpTheBeat.com Presents: Weekend Workout Vol. 17,1336,"1189,1190",17.9K,968,7 years ago
601,602,Playhits!,1364,"1191,1192",1,1,8 years ago
602,603,Play Nightcore,1367,"1193,1194",4,0,10 months ago
603,604,Pan flute & meditation,1370,"1195,1196",12K,648,6 years ago
604,605,"Phem: ""ur not alone <3""",467,"1197,1198","2,145",122,2 years ago
605,606,podcast,1373,"1199,1200",51,3,8 years ago
606,607,private,1376,"1201,1202",1,0,3 years ago
607,608,Playlist - part 2,1379,"1203,1204",0,0,2 years ago
608,609,Ps,1382,"1205,1206",3,0,6 years ago
609,610,Pelon,1385,"1207,1208",0,0,2 years ago
610,611,Pop like a rock,1388,"1209,1210",474,56,7 years ago
611,612,Polo G,1390,"1211,1212","8,817","1,324",6 years ago
612,613,Playlist,1392,"1213,1214",56,8,6 years ago
613,614,Payung Teduh,732,"1215,1216","4,957","1,456",9 years ago
614,615,Party Music,1393,"1217,1218",25,1,4 years ago
615,616,peera,1396,"1219,1220",2,1,5 years ago
616,617,peera,1396,"1221,1222",2,1,5 years ago
617,618,Pop Workout: Strides,1399,"1223,1224","7,389",239,3 years ago
618,619,phonk,1402,"1225,1226","9,694",455,5 years ago
619,620,Party Playlist,1404,"1227,1228","1,070",40,7 years ago
620,621,Punjabi,1405,"1229,1230",772,34,4 years ago
621,622,PLAYLIST PRA VCS BBS,1408,"1231,1232","5,467",93,7 months ago
622,623,pq,1411,"1233,1234",2,0,2 years ago
623,624,paradise,185,"1235,1236",16.3K,463,4 years ago
624,625,Pain,1416,"1237,1238",3,0,6 years ago
625,626,Quran World | ÿπÿßŸÑŸÖ ÿßŸÑŸÇÿ±ÿßŸÜ,1120,"1239,1240",26,2,3 years ago
626,627,quiet musics,1421,"1241,1242",2,0,1 year ago
627,628,Quan Davids,1424,"1243,1244","1,409",59,8 months ago
628,629,QUEMIX 3,1079,"1245,1246",24K,"1,986",4 years ago
629,630,Qmusic Hits (updated weekly) | Qmusic,1427,"1247,1248",4,0,2 years ago
630,631,Quality Control: Control The Streets Volume 2,1430,"1249,1250",24.2K,"1,367",3 years ago
631,632,Quemix 2 Mixtape,1079,"1251,1252",23.9K,"4,536",8 years ago
632,633,QueMix 4,1079,"1253,1254","8,129",355,1 year ago
633,634,que sad,1431,"1255,1256",2,0,3 years ago
634,635,quilly,1434,"1257,1258",11,1,7 years ago
635,636,Queen,1436,"1259,1260",445,26,4 years ago
636,637,Quran,1438,"1261,1262",11,0,3 years ago
637,638,Queenzz,1441,"1263,1264",3,0,5 years ago
638,639,Quran,1443,"1265,1266",21,0,2 years ago
639,640,qqqq,1446,"1267,1268",6,1,4 years ago
640,641,quinn2,1449,"1269,1270",0,0,1 year ago
641,642,Queen Amidala's Mix,1452,"1271,1272",2,0,5 years ago
642,643,Qhtani,1455,"1273,1274",1,0,2 years ago
643,644,Quran - Islam Sobhi - (playlist) | ÿßŸÑŸÇÿ±ÿßŸÜ ÿßŸÑŸÉÿ±ŸäŸÖ - ÿßÿ≥ŸÑÿßŸÖ ÿµÿ®ÿ≠Ÿä - ŸÇÿßÿ¶ŸÖÿ© ÿ™ÿ¥ÿ∫ŸäŸÑ,1458,"1275,1276","3,265",174,2 years ago
644,645,quran,1459,"1277,1278",14,0,3 years ago
645,646,Q's playlist,1462,"1279,1280",3,0,6 years ago
646,647,q6b,1464,"1281,1282",2,0,5 years ago
647,648,Quick to Judge,1467,"1283,1284",0,0,11 months ago
648,649,q,1470,"1285,1286",0,0,4 years ago
649,650,Qasaid,1473,"1287,1288",18,0,6 years ago
650,651,qlc bossed up 24hrs,1476,"1289,1290",2,0,8 years ago
651,652,Quality of SoundCloud - Part 2,1478,"1291,1292","3,788",233,3 years ago
652,653,Quoraan,1481,"1293,1294",4,0,3 years ago
653,654,Qur2an,1484,"1295,1296",2,1,2 years ago
654,655,Quran,1487,"1297,1298",29,1,1 year ago
655,656,quite,1489,"1299,1300",1,0,1 year ago
656,657,que retumbe,1492,"1301,1302",2,0,7 years ago
657,658,Quran-Kur'an- ÿßŸÑŸÇÿ±ÿ¢ŸÜ,1495,"1303,1304",5,0,2 years ago
658,659,Qu√¢n chun,1497,"1305,1306",12,1,3 years ago
659,660,Queen,1498,"1307,1308",860,48,5 years ago
660,661,Queue pt 2,1501,"1309,1310",4,2,7 years ago
661,662,Quraan,1504,"1311,1312",0,0,3 years ago
662,663,Q-top 500 van de Zomer | editie 2021 | Qmusic,1507,"1313,1314",1,0,1 year ago
663,664,qawali,1510,"1315,1316",33,4,6 years ago
664,665,Run,1513,"1317,1318",88.2K,"4,898",5 years ago
665,666,RAP,1516,"1319,1320","3,596",308,8 years ago
666,667,Rap and Rnb,1519,"1321,1322","3,419",327,7 years ago
667,668,Relaxing,1521,"1323,1324",141,8,2 years ago
668,669,R,1524,"1325,1326",11,0,6 years ago
669,670,"Read more, Write more",1526,"1327,1328",42K,"2,743",7 years ago
670,671,relaxing songs,1528,"1329,1330",42.4K,"2,589",7 years ago
671,672,RAP/DUBSTEP/MY PERSONAL FAVORITES,1531,"1331,1332",223,9,8 years ago
672,673,Ramy Sabry üñ§üçÉ,1534,"1333,1334",11,0,1 year ago
673,674,rainyday chill,185,"1335,1336",40K,"1,338",3 years ago
674,675,Reading God's Story Audio Bible,1538,"1337,1338","1,018",138,11 years ago
675,676,running,1539,"1339,1340",47,4,4 years ago
676,677,Rainy Day,1542,"1341,1342",41.3K,"2,448",6 years ago
677,678,Real shit,1545,"1343,1344",25,4,5 years ago
678,679,remix,1548,"1345,1346",37,0,6 years ago
679,680,Rap 3,1550,"1347,1348",0,0,21 days ago
680,681,ùôçùôÄùôàùôÑùôì,1553,"1349,1350",16.9K,416,3 years ago
681,682,Russ,1555,"1351,1352",85,2,1 year ago
682,683,rap,1556,"1353,1354",14,3,2 years ago
683,684,Radiolab Valentine's Set,1559,"1355,1356",120,18,10 years ago
684,685,Raghda,1560,"1357,1358",9,1,6 years ago
685,686,random,1563,"1359,1360",10,2,8 years ago
686,687,Romantic Arabic Songs - ÿ¥ŸàŸäÿ© ÿ±ŸàŸÖÿßŸÜÿ≥Ÿäÿ© - ÿßÿ∫ÿßŸÜŸä ÿπÿ±ÿ®Ÿä,452,"1361,1362",25.1K,"2,221",1 year ago
687,688,"Running, Cardio and Strength Training Tracks",1566,"1363,1364",14.4K,"2,565",9 years ago
688,689,RageJunkie.com ~ Re-Up Vol. 012,1569,"1365,1366",10.4K,"1,499",7 years ago
689,690,rain,1572,"1367,1368",32,0,1 year ago
690,691,Remembering 2015,650,"1369,1370","7,658",787,7 years ago
691,692,Rock Music,1003,"1371,1372","1,832",150,6 years ago
692,693,Run It Out | thewaywardwalrus.com,1577,"1373,1374",11.1K,744,6 years ago
693,694,Rap,1580,"1375,1376",11K,"1,757",7 years ago
694,695,Reggae Mix - part 2,1581,"1377,1378",141,4,2 years ago
695,696,Rage with Bass,128,"1379,1380",10.3K,"2,970",8 years ago
696,697,reFresh Playlist,1584,"1381,1382","9,695","3,169",7 years ago
697,698,reFresh Playlist,1584,"1383,1384","9,695","3,169",7 years ago
698,699,Rekchaaaa,1586,"1385,1386",20,0,5 years ago
699,700,Reveillon,1589,"1387,1388",22,2,7 years ago
700,701,R. Kelly Hits,1592,"1389,1390",8,0,9 months ago
701,702,ùôçùòºùôã ùôãùôáùòºùôîùôáùôÑùôéùôè 2022,347,"1391,1392",45,2,26 days ago
702,703,Rap 2,1550,"1393,1394",0,0,21 days ago
703,704,R J Balaji Tracks,1597,"1395,1396",8,1,6 years ago
704,705,ùôçùòºùôÑùôâ ùôéùôäùôêùôâùòøùôé ùôÅùôäùôç ùôéùôáùôÄùôÄùôã,347,"1397,1398",34,1,27 days ago
705,706,ùôçùòºùôÑùôâ ùôéùôäùôêùôâùòøùôé,347,"1399,1400",2,1,27 days ago
706,707,Sunday music and hot coffee..,1599,"1401,1402",515K,43.2K,2 years ago
707,708,songs,1601,"1403,1404",259,22,7 years ago
708,709,Summer 2k17,1604,"1405,1406",165K,12.2K,5 years ago
709,710,Stella's Coffee House,1606,"1407,1408",182K,10.8K,6 years ago
710,711,Sunday laziness and sunset views,1599,"1409,1410",123K,"8,853",4 years ago
711,712,Sleep,1611,"1411,1412",121K,"8,142",5 years ago
712,713,Summer Nights,1614,"1413,1414",119K,"5,705",6 years ago
713,714,Sleep healing sounds,1617,"1415,1416",86.8K,"4,847",7 years ago
714,715,song,1619,"1417,1418",73,2,8 years ago
715,716,Sad/Sleep songs,1622,"1419,1420",96.6K,"6,264",7 years ago
716,717,"Street Workout [Electro, Trap, Hip-Hop & Rap]",1625,"1421,1422",57.3K,"4,025",7 years ago
717,718,Slowmelow,1627,"1423,1424",338,146,8 years ago
718,719,sertanejo,1628,"1425,1426","6,745",646,6 years ago
719,720,soft2020,1631,"1427,1428",13,1,2 years ago
720,721,sunny beaches,1633,"1429,1430",38.3K,"3,778",7 years ago
721,722,Sertanejo,1635,"1431,1432",918,75,6 years ago
722,723,"Stranger Things: Soundtrack from the Netflix Series, Season 4",214,"1433,1434",658,25,4 months ago
723,724,Study Time,1638,"1435,1436",47.1K,"4,190",6 years ago
724,725,Sertenajo,1641,"1437,1438",12,3,6 years ago
725,726,seka,1642,"1439,1440",3,0,5 years ago
726,727,Songs,1645,"1441,1442",6,1,3 years ago
727,728,songs,1647,"1443,1444",70,5,4 years ago
728,729,Soundcloud Remixs You Should Play on Aux @arijelkins,1650,"1445,1446",26.7K,"1,011",2 years ago
729,730,Spring's Coming,102,"1447,1448",34.1K,"1,972",5 years ago
730,731,S√ºmmer 17,1655,"1449,1450",25.5K,"2,028",5 years ago
731,732,sing you to sleep,1658,"1451,1452",31.3K,"2,574",7 years ago
732,733,Summer 2019,1661,"1453,1454",18.9K,"1,500",3 years ago
733,734,sooo,1664,"1455,1456",0,0,2 years ago
734,735,Spooky Sounds from Across the Solar System,577,"1457,1458",10.1K,"1,131",5 years ago
735,736,space 2,1667,"1459,1460",0,0,1 year ago
736,737,sex songs,629,1461,"3,185",191,7 years ago
737,738,sweet summer night,820,"1462,1463",25K,"1,078",3 years ago
738,739,skiiskii,1672,"1464,1465",0,0,4 years ago
739,740,Spring Music Madness!,1674,"1466,1467",15.2K,"3,924",6 years ago
740,741,sh3bi mina,1677,"1468,1469",24,5,6 years ago
741,742,sertanejo,1680,"1470,1471","1,213",114,6 years ago
742,743,Top 50: All music genres,1682,"1472,1473",349,21,4 years ago
743,744,The Last Chillstep Playlist You'll Ever Need (8Tracks),1685,"1474,1475",86.1K,"5,674",7 years ago
744,745,tanton,1687,"1476,1477",1,0,2 years ago
745,746,Trap for Deep Focus: Chill Trap,607,"1478,1479",91.9K,"4,055",3 years ago
746,747,TheSoundYouNeed,94,"1480,1481",51.2K,"2,623",5 years ago
747,748,toka mmdoh,1693,"1482,1483",7,0,3 years ago
748,749,The Latest #GetMorePlays Uploads,117,"1484,1485","9,569",762,2 years ago
749,750,The Mans,1698,"1486,1487",6,0,4 years ago
750,751,This is Buddzy,1700,"1488,1489",3,0,1 year ago
751,752,Tunes??,1701,"1490,1491",488,47,7 years ago
752,753,Tropixaton | Finals Antidote vol. 3,1702,"1492,1493",45.3K,"2,859",5 years ago
753,754,Two Friends Big Bootie Mixes,1705,"1494,1495",20.2K,401,2 years ago
754,755,The,1706,"1496,1497",0,0,2 years ago
755,756,Tik Tok Songs,754,"1498,1499",22.9K,"4,579",6 years ago
756,757,Touching,1710,"1500,1501",3,0,7 years ago
757,758,The Sounds of Framework x Desert Air 2022,117,"1502,1503","1,472",124,7 months ago
758,759,The Adventure Zone OST,1714,"1504,1505",12.8K,"1,072",7 years ago
759,760,Taw2am Ro7y,1715,"1506,1507",1,1,6 years ago
760,761,The Latest Uploads from Isolation: Quarantine,467,"1508,1509",16.3K,805,2 years ago
761,762,Top 50: R&B & Soul,1720,"1510,1511",319,14,3 years ago
762,763,Top 50: R&B & Soul,1720,"1512,1513",319,14,3 years ago
763,764,thoda pyar thoda magic,1723,"1514,1515",103,1,6 years ago
764,765,Tik Tok,1726,"1516,1517",14.5K,"3,669",6 years ago
765,766,The Complete Collection,1727,"1518,1519",0,0,2 years ago
766,767,Trippie Redds Old Self.,624,"1520,1521",54.3K,"4,158",3 years ago
767,768,TY,1730,"1522,1523",2,0,5 years ago
768,769,TURN YA FUCKIN HEADPHONES/SPEAKERS UP NIGGA!!!,1733,"1524,1525",13,2,4 years ago
769,770,The Lookout by SoundCloud on SiriusXM‚Äôs Hip-Hop Nation,117,"1526,1527",481,29,1 year ago
770,771,the end of the fucking world,1735,"1528,1529",30K,"1,243",4 years ago
771,772,The Day Ones | Original Soundtrack,117,"1530,1531","5,232",460,11 months ago
772,773,tini,1739,"1532,1533",189,6,3 years ago
773,774,The Summer Sun Shining,1742,"1534,1535",13,0,6 years ago
774,775,toty,1745,"1536,1537",0,0,3 years ago
775,776,The Complete Collection,1748,"1538,1539",1,0,2 years ago
776,777,"Taylor Bennett: ""BE YOURSELF."" (I LOVE YOU, IM HERE)",467,"1540,1541","1,479",112,2 years ago
777,778,Top Music,1750,"1542,1543",4,0,2 years ago
778,779,t,1753,"1544,1545",5,2,6 years ago
779,780,The Comedy Sideshow with Theo Von,1756,"1546,1547",123,24,10 years ago
780,781,TikTok Lo-Fi,94,"1548,1549",20.3K,588,4 years ago
781,782,This Is Bad Bunny,1759,"1550,1551",175,3,2 years ago
782,783,trap,1760,"1552,1553","1,368",111,7 years ago
783,784,the other side,1763,"1554,1555",3,0,6 years ago
784,785,Undertale - Toby Fox,1766,"1556,1557",55.6K,"9,202",7 years ago
785,786,UNRELEASED JUICE WRLDüåé,1767,"1558,1559",49.8K,"3,277",3 years ago
786,787,Up,1770,"1560,1561",6,0,9 years ago
787,788,Unreleased Juice Wrld,1772,"1562,1563",11.1K,706,3 years ago
788,789,Us v Them: Los Campesinos! curated alldayer at Brudenell Social Club,1012,"1564,1565",199,28,6 years ago
789,790,Underground,1775,"1566,1567",601,30,4 years ago
790,791,Unreleased KanYe West Demo Beat Tape [c. Sept. 97'],1778,"1568,1569",19.2K,"3,673",6 years ago
791,792,UNSATISFIED,1779,"1570,1571","4,925",757,5 years ago
792,793,Unboxing The $3000 Bluetooth Speaker,1781,"1572,1573","5,221",491,5 years ago
793,794,Uncut Culture_part2,1784,"1574,1575",0,0,5 months ago
794,795,Uncut Culture_part2,1784,"1576,1577",1,0,5 months ago
795,796,uns funks a√≠,1785,"1578,1579",55,5,5 years ago
796,797,Uncut Culture_part3,1784,"1580,1581",0,0,4 months ago
797,798,Unique Strength,1788,"1582,1583","3,470",61,2 years ago
798,799,userAT,1791,1584,1,0,7 years ago
799,800,Uncut Culture_part3,1784,"1585,1586",0,0,4 months ago
800,801,Uncut Culture_part3,1784,"1587,1588",0,0,5 months ago
801,802,user1808197,1794,"1589,1590",19,0,7 years ago
802,803,Underground Hip Hop,1795,"1591,1592",3,1,1 month ago
803,804,Ultimate Cas Haley,1798,"1593,1594",1,0,1 year ago
804,805,Uncut Culture_part4,1784,"1595,1596",0,0,4 months ago
805,806,Uncut Culture_part4,1784,"1597,1598",0,0,4 months ago
806,807,Ultimate Bass Mix 3,1800,"1599,1600",165,7,6 years ago
807,808,user 487363530,1802,"1601,1602",9,1,7 years ago
808,809,Ukrainian Techno & More,35,"1603,1604","6,875",331,9 months ago
809,810,Ultimate Chill Mix 2,1800,"1605,1606",185,24,6 years ago
810,811,uk drill,1807,"1607,1608","5,598",304,5 years ago
811,812,undefined - Part 1,1810,"1609,1610",0,0,1 year ago
812,813,Ultimate list of sample packs,1813,"1611,1612",5,0,4 years ago
813,814,uncle josh's shit,1815,1613,2,0,7 years ago
814,815,user48736353001,1816,"1614,1615",35,3,7 years ago
815,816,Untitled Playlist,1817,"1616,1617",0,0,22 days ago
816,817,Untitled Playlist,1820,"1618,1619",0,0,1 month ago
817,818,unhinged mashups,1823,"1620,1621","4,425",47,7 months ago
818,819,Unofficial Wii Sports Soundtrack,1826,"1622,1623","2,882",356,5 years ago
819,820,unreleased RDJ,1827,"1624,1625",1,0,7 years ago
820,821,Ultimate Electronic Mix,1828,"1626,1627",9,2,4 years ago
821,822,Untitled Playlist,1831,"1628,1629",4,1,11 months ago
822,823,unicornqu33n090,1834,"1630,1631",0,0,2 years ago
823,824,undefined - part 2,1836,"1632,1633",0,0,25 days ago
824,825,Uncut Culture_part3,1784,"1634,1635",1,0,4 months ago
825,826,Uncut Culture_part3,1784,"1636,1637",0,0,4 months ago
826,827,Vibes,347,"1638,1639",12,9,1 day ago
827,828,Vibes,347,"1640,1641",33,1,10 days ago
828,829,vanhat,1844,"1642,1643",3,0,9 years ago
829,830,Vibes,347,"1644,1645",25,4,20 days ago
830,831,VIXX,1849,"1646,1647",112,17,5 years ago
831,832,VLOGGY JAMS,1852,"1648,1649",0,0,1 year ago
832,833,Vibes,347,"1650,1651",26,5,22 days ago
833,834,Vibes,347,"1652,1653",21,2,22 days ago
834,835,Vibes,347,"1654,1655",30,1,23 days ago
835,836,Vibes,347,"1656,1657",53,8,24 days ago
836,837,Vibes,347,"1658,1659",25,2,25 days ago
837,838,VLOGGY JAMS,1852,"1660,1661",1,0,2 years ago
838,839,vibe,1856,"1662,1663",214,19,6 years ago
839,840,Vibes,347,"1664,1665",29,1,27 days ago
840,841,Vibes,347,"1666,1667",45,0,1 month ago
841,842,vatos,1861,"1668,1669",4,0,4 years ago
842,843,Vibes,347,"1670,1671",32,2,1 month ago
843,844,Viva Latino-Top 50,1864,"1672,1673","3,814",559,5 years ago
844,845,Villain Arc,470,"1674,1675","3,736",54,1 year ago
845,846,Vibin' in Nightcore üòª,1867,"1676,1677",13,0,4 months ago
846,847,Vibes,347,"1678,1679",29,1,1 month ago
847,848,Vibes,347,"1680,1681",38,2,1 month ago
848,849,Vibes,1872,"1682,1683",58,4,4 years ago
849,850,Vibes,347,"1684,1685",31,9,1 month ago
850,851,VX,1877,"1686,1687",9,2,7 years ago
851,852,Various Artists - Goblin OST (ÎèÑÍπ®ÎπÑ OST) (DOWNLOAD LINK IN DESCRIPTION),1880,"1688,1689","7,640","1,242",6 years ago
852,853,Vince Staples & Larry Fisherman - Stolen Youth [LP],1882,"1690,1691",12.1K,"1,517",9 years ago
853,854,Vaporwave,1883,"1692,1693","6,527",438,6 years ago
854,855,vibes,1886,"1694,1695","9,271",755,6 years ago
855,856,Vibes,347,"1696,1697",43,10,1 month ago
856,857,Vibes,347,"1698,1699",59,9,1 month ago
857,858,Vroom,1892,"1700,1701",0,0,2 years ago
858,859,Vibes,347,"1702,1703",46,2,1 month ago
859,860,Vibe Hour,1894,"1704,1705",1,0,1 year ago
860,861,Vibes,347,"1706,1707",24,3,1 month ago
861,862,Valerie June,861,"1708,1709",1,0,1 year ago
862,863,VaWlist,1898,1710,19,8,9 years ago
863,864,Vibes,347,"1711,1712",43,4,1 month ago
864,865,Vibes,347,"1713,1714",39,3,1 month ago
865,866,vegas,1900,"1715,1716",0,0,1 month ago
866,867,vdj_mdn,1903,"1717,1718",0,0,1 year ago
867,868,Vasco's Life Work - part 17,1906,"1719,1720",1,1,2 years ago
868,869,Vonte,1907,"1721,1722",3,0,7 years ago
869,870,Vibes,347,"1723,1724",43,4,2 months ago
870,871,Vibes,347,"1725,1726",25,3,2 months ago
871,872,Workout- Rap/ Hip Hop,1910,"1727,1728",80.9K,"3,721",7 years ago
872,873,work out or get out.,1912,"1729,1730",74.9K,"4,645",8 years ago
873,874,WUNDERWORLD FEST,117,"1731,1732","1,016",194,20 days ago
874,875,Workout 2018,1328,"1733,1734",32.9K,"1,616",4 years ago
875,876,"Wake up, Chill, Repeat",1917,"1735,1736",35.9K,"2,927",5 years ago
876,877,w.e,1920,"1737,1738",1,0,8 years ago
877,878,Workout EDM 10,1922,"1739,1740",29.1K,"1,881",7 years ago
878,879,walking,1925,"1741,1742",5,1,9 years ago
879,880,Winter Night Jazz #2,1221,"1743,1744",32.7K,"1,232",3 years ago
880,881,Wald Mahdi,1930,"1745,1746",0,0,3 years ago
881,882,Workout & Gym Motivation Music - Micle Mihai-Cristian,1932,"1747,1748",26.6K,"1,911",8 years ago
882,883,Workout,1933,"1749,1750",618,44,6 years ago
883,884,Winter Chills,1935,"1751,1752",15.1K,"1,245",5 years ago
884,885,Winter Night Jazz,1221,"1753,1754",13.4K,461,3 years ago
885,886,winter jazz,820,"1755,1756",11.7K,379,2 years ago
886,887,Work,1941,"1757,1758",107,7,5 years ago
887,888,Warp Records - part 12,1944,"1759,1760",2,0,11 months ago
888,889,When We Were Young Fest 2022 - part 4,1946,"1761,1762",2,0,5 months ago
889,890,Wrist wrist wrist,1948,"1763,1764",5,0,8 years ago
890,891,Werk,1949,"1765,1766",2,0,6 years ago
891,892,watering,1951,"1767,1768",1,0,4 years ago
892,893,Warp Records - part 12,1953,"1769,1770",1,0,2 years ago
893,894,Warp Records - part 8,1953,"1771,1772",1,0,2 years ago
894,895,Warp Records - part 8,1944,"1773,1774",0,0,11 months ago
895,896,Warp Records - part 8,1954,"1775,1776",3,0,2 years ago
896,897,Wobblers,1955,"1777,1778","4,795",475,5 years ago
897,898,Warp Records - part 12,1954,"1779,1780",3,0,2 years ago
898,899,waleed,1958,"1781,1782",1,0,6 years ago
899,900,waytrap,523,"1783,1784",0,0,2 years ago
900,901,walk tracks,1963,"1785,1786",14,3,6 years ago
901,902,WICKED: Original Broadway Cast Recording,1965,"1787,1788","6,930","1,344",9 years ago
902,903,WitherIncinerator,1966,"1789,1790","2,424",482,8 years ago
903,904,wizkhalifa,1969,"1791,1792",49,10,7 years ago
904,905,wherepostrockdwells - part 2,1972,"1793,1794",2,0,2 years ago
905,906,with coffee,1974,"1795,1796",21,5,6 years ago
906,907,workout,1977,"1797,1798",159,10,5 years ago
907,908,Workout Playlist,1979,"1799,1800","5,942","1,027",6 years ago
908,909,Warp Records - part 11,1944,"1801,1802",0,0,11 months ago
909,910,weed isn't allowed at rehab so I guess I'll listen to this instead,1981,"1803,1804",12.2K,780,7 years ago
910,911,Work Playlist,1984,"1805,1806",326,26,6 years ago
911,912,Warframe Tenno Tunes (Full),1987,"1807,1808","2,157",134,5 years ago
912,913,"XXXTENTACION Presents: Members Only, Vol. 4",1169,"1809,1810",132K,15.1K,3 years ago
913,914,Xxxtentacion sad/chill songs,1990,"1811,1812",27.9K,"2,446",5 years ago
914,915,xxxthebeastkingxxx,1991,"1813,1814",5,0,6 years ago
915,916,Xxx,1992,"1815,1816",72,0,3 years ago
916,917,Xavier Wulf - Tundra Boy Season 2,1994,"1817,1818",29.3K,"5,991",6 years ago
917,918,XXXTENTACION,1995,"1819,1820","7,940",699,2 years ago
918,919,xx,1996,"1821,1822",1,0,2 years ago
919,920,XXXTENTACION,1997,"1823,1824",12.6K,389,2 years ago
920,921,xxxtentacion playlist,1998,"1825,1826",11.6K,"1,689",5 years ago
921,922,Xavier Wulf - The Local Man,1994,"1827,1828",19.9K,"3,592",7 years ago
922,923,Xavier Wulf & Bones - BRACE,1994,"1829,1830",13.9K,"1,589",2 years ago
923,924,Xxxtentacionüî•üî•üî•,1999,"1831,1832",160,11,5 years ago
924,925,xx,2001,"1833,1834",1,0,6 years ago
925,926,xx,2004,"1835,1836",0,0,1 month ago
926,927,Xbox Luvr - part 2,2005,"1837,1838",0,0,1 year ago
927,928,XBOX PLAYLIST 2,2007,"1839,1840",2,0,8 months ago
928,929,XII,2009,"1841,1842",0,0,22 days ago
929,930,xxxviii,2012,"1843,1844",2,0,6 years ago
930,931,x,2014,"1845,1846",2,0,7 years ago
931,932,XXXTENTACION,2017,"1847,1848","5,645",360,5 years ago
932,933,x0x0,2018,"1849,1850",1,0,8 years ago
933,934,xiwan,2021,"1851,1852",0,0,4 years ago
934,935,XXXClusive Dancehall Setz,2024,"1853,1854",1,0,2 years ago
935,936,X,2026,"1855,1856",0,0,2 years ago
936,937,X,2029,"1857,1858",2,1,6 years ago
937,938,Xx,2032,"1859,1860",4,0,6 years ago
938,939,xg,2034,"1861,1862",0,0,5 years ago
939,940,x Infinity,2037,"1863,1864","5,179",927,6 years ago
940,941,xxx,2038,"1865,1866",4,0,5 years ago
941,942,XDSE the Playlist,2041,"1867,1868",0,0,2 years ago
942,943,Xbox Luvr - part 4,2005,"1869,1870",0,0,1 year ago
943,944,Xxx,2044,"1871,1872",47,8,6 years ago
944,945,xxxtentacionüëÖüíØ,2046,"1873,1874",769,74,5 years ago
945,946,XxxAmnesia,2048,"1875,1876",0,0,4 years ago
946,947,X,2051,"1877,1878",0,0,4 years ago
947,948,xxx,2053,"1879,1880",2,0,11 months ago
948,949,XüëÅ,2009,"1881,1882",0,0,1 month ago
949,950,XXL Freshman Class 2016,2057,"1883,1884",0,0,1 month ago
950,951,XXL Freshman Class 2016,2057,"1885,1886",0,0,1 month ago
951,952,xxüñïüñï,2060,"1887,1888",2,0,4 years ago
952,953,XXXTENTACION,2063,"1889,1890","1,919",159,5 years ago
953,954,XI,2064,"1891,1892",0,0,3 years ago
954,955,x-A-x,2066,"1893,1894",1,0,7 years ago
955,956,X,2069,"1895,1896",1,0,23 days ago
956,957,Xxxshit,2072,"1897,1898",0,0,24 days ago
957,958,X Audio,2073,"1899,1900",0,0,23 days ago
958,959,xx,2069,"1901,1902",1,0,23 days ago
959,960,Xambra,2077,"1903,1904",11,0,5 years ago
960,961,Your Top Songs 2020,2080,"1905,1906",73,4,2 years ago
961,962,Your 2020 Playback,2082,"1907,1908",12,0,2 years ago
962,963,Your Favorite Hip Hop Playlist #3,2085,"1909,1910",17.5K,"2,166",7 years ago
963,964,You know the vibes,398,"1911,1912",0,0,22 days ago
964,965,YNM#4,2088,"1913,1914",13.4K,862,6 years ago
965,966,yah,2090,"1915,1916",4,0,5 years ago
966,967,YK's Favorite Bangers,299,"1917,1918",235,39,3 years ago
967,968,Ya $hall ‚Ä†urn Up,2093,"1919,1920",12.6K,"3,917",7 years ago
968,969,young and wild pt 2,2096,"1921,1922",14,2,6 years ago
969,970,Young Thug Playlist,2098,"1923,1924",285,12,6 years ago
970,971,yeo,2100,"1925,1926",2,0,5 years ago
971,972,Yay,2102,"1927,1928",1,0,3 years ago
972,973,yang terindah,2104,"1929,1930",10,1,5 years ago
973,974,Yaki's Mix Deluxe Edition :D,2107,"1931,1932",1,0,3 months ago
974,975,yea,2110,"1933,1934","4,154",519,1 year ago
975,976,Yellooo,2111,"1935,1936",0,0,3 years ago
976,977,yoyo,2114,"1937,1938",11,1,8 years ago
977,978,Yachty only,2117,"1939,1940",5,1,5 years ago
978,979,Yuri!! on Ice Original Skate Song Collection,2118,"1941,1942","6,720",848,6 years ago
979,980,Yaki Likes These Cuz They Sound Like Toro y Moi,2107,"1943,1944",0,0,3 months ago
980,981,Your 2019 Playback,2120,"1945,1946",6,1,2 years ago
981,982,yo,2122,"1947,1948",9,3,6 years ago
982,983,youseef,2123,"1949,1950",0,0,2 years ago
983,984,yasmen,2126,"1951,1952",1,0,1 year ago
984,985,yasser 22,2129,"1953,1954",0,0,4 years ago
985,986,YNW,2130,"1955,1956",11.8K,326,2 years ago
986,987,Y,2131,"1957,1958",1,0,6 years ago
987,988,YouTube Tutorial,2134,"1959,1960",38,7,5 years ago
988,989,Young Thug,2135,"1961,1962",659,35,6 years ago
989,990,yasssssszz,2136,"1963,1964",0,0,6 years ago
990,991,Yas,2139,"1965,1966",27,1,6 years ago
991,992,You're welcome,2142,"1967,1968","7,334",412,6 years ago
992,993,Young Thug - Slime Season 2 (Full Mixtape) 2015,2145,"1969,1970",14.5K,614,7 years ago
993,994,Yo,2146,"1971,1972",4,0,5 years ago
994,995,YOUNG LEX69,2149,"1973,1974",4,0,3 years ago
995,996,YOUNG LEX69,2149,"1975,1976",4,0,3 years ago
996,997,youma,2152,"1977,1978",1,0,6 years ago
997,998,yep,2155,"1979,1980",2,0,3 years ago
998,999,yes,2158,"1981,1982",11,10,7 years ago
999,1000,yasmeen‚ù§‚ù§üíã,2161,"1983,1984",0,0,3 years ago
1000,1001,ymym__1,2164,"1985,1986",1,0,4 years ago
1001,1002,ZA DOWNLOAD,2167,"1987,1988",9,5,6 years ago
1002,1003,zema,2169,"1989,1990",1,0,4 years ago
1003,1004,Zuzo üòçüòç,2172,"1991,1992",0,0,6 years ago
1004,1005,ZODIAX,2175,"1993,1994",9,0,1 year ago
1005,1006,ZOO,1086,"1995,1996",22.2K,"2,391",4 years ago
1006,1007,zizooooo,2178,"1997,1998",0,0,5 years ago
1007,1008,zbisba,2180,"1999,2000",0,0,3 years ago
1008,1009,Zeyad,2183,"2001,2002",2,0,2 years ago
1009,1010,Zman,2186,"2003,2004",1,0,2 years ago
1010,1011,ZJ,2189,"2005,2006",2,0,5 years ago
1011,1012,z,2192,"2007,2008",0,0,5 years ago
1012,1013,Zero --> One,2195,"2009,2010",0,0,7 years ago
1013,1014,ZeBOOM,2197,"2011,2012","3,763",499,7 years ago
1014,1015,ZJ-CLUB,2189,"2013,2014",12,1,6 years ago
1015,1016,Zo killa,2201,"2015,2016",1,0,3 years ago
1016,1017,zbady,2204,"2017,2018",2,0,6 years ago
1017,1018,Zyzz hardstyle,2207,"2019,2020","2,507",35,7 months ago
1018,1019,zezo,2209,"2021,2022",4,0,3 years ago
1019,1020,zack,2212,"2023,2024",0,0,5 years ago
1020,1021,ZaMA,2215,"2025,2026",2,1,5 years ago
1021,1022,Zeroüî±,2216,"2027,2028",6,0,3 years ago
1022,1023,zoz,2219,"2029,2030",1,0,5 years ago
1023,1024,Z,2222,"2031,2032",2,0,8 years ago
1024,1025,zaid rantesy,2225,"2033,2034",0,0,1 year ago
1025,1026,zaza,2228,"2035,2036",3,0,7 years ago
1026,1027,ZINE ‚ùóÔ∏è‚ùï,2231,"2037,2038",2,0,4 years ago
1027,1028,Zoooz,2233,"2039,2040",1,1,4 years ago
1028,1029,zeze,2236,"2041,2042",1,0,4 years ago
1029,1030,zi,2239,"2043,2044",1,0,5 years ago
1030,1031,zyzz,2240,"2045,2046","1,618",34,6 months ago
1031,1032,zoeys,2243,"2047,2048",0,0,8 years ago
1032,1033,Zidan,2246,"2049,2050",5,1,6 years ago
1033,1034,zozo,2249,"2051,2052",0,0,4 years ago
1034,1035,zumba,2252,"2053,2054",94,5,5 years ago
1035,1036,zozo,2249,"2055,2056",0,0,4 years ago
1036,1037,zumba,2252,"2057,2058",94,5,5 years ago
1037,1038,ziad,2255,"2059,2060",0,0,3 years ago
1038,1039,zainab,2258,"2061,2062",0,0,3 years ago
1039,1040,zox44,2261,"2063,2064",10,3,7 years ago
1040,1041,≈∫√µ≈∫√£,2264,"2065,2066",0,0,6 years ago
1041,1042,zizo,2266,"2067,2068",0,0,5 years ago
1042,1043,ZEINA,2269,"2069,2070",2,0,6 years ago
1043,1044,zema w,2272,"2071,2072",4,0,6 years ago
1044,1045,zoza,2274,"2073,2074",3,0,8 years ago
